{
    "class_name": "PinholeCameraParameters",
    "extrinsic": [
        0.6676750376257745,
        -0.0426021995391237,
        0.7432328684375098,
        0.0,
        -0.7432328684375098,
        0.018986525702446466,
        0.6687633476170035,
        0.0,
        -0.0426021995391237,
        -0.9989116900087708,
        -0.018986525702446466,
        0.0,
        -0.20352186828149055,
        0.24344268418251638,
        1.6178289916154531,
        1.0
    ],
    "intrinsic": {
        "height": 1200,
        "intrinsic_matrix": [
            3136.0,
            0.0,
            0.0,
            0.0,
            3136.0,
            0.0,
            800.0,
            600.0,
            1.0
        ],
        "width": 1600
    },
    "version_major": 1,
    "version_minor": 0
}