{
	"class_name" : "PinholeCameraParameters",
	"extrinsic" : 
	[
		0.71692839316229184,
		0.015663694365898539,
		0.69697082274407007,
		0.0,
		-0.68865451228893582,
		-0.13965929592676202,
		0.71151264483867682,
		0.0,
		0.108483370992158,
		-0.99007571919528103,
		-0.089338840814759693,
		0.0,
		-0.069193581834797652,
		0.30876150553596982,
		3.0095095893614081,
		1.0
	],
	"intrinsic" : 
	{
		"height" : 713,
		"intrinsic_matrix" : 
		[
			617.47611289830479,
			0.0,
			0.0,
			0.0,
			617.47611289830479,
			0.0,
			679.5,
			356.0,
			1.0
		],
		"width" : 1360
	},
	"version_major" : 1,
	"version_minor" : 0
}