{
	"class_name" : "PinholeCameraParameters",
	"extrinsic" : 
	[
		-0.1661808353506245,
		0.30328692582099576,
		-0.93829684566677429,
		0.0,
		0.98478032719254716,
		0.10016653459035821,
		-0.1420365182715288,
		0.0,
		0.050908124466615273,
		-0.94762002193611783,
		-0.3153167564356249,
		0.0,
		0.093281529883964667,
		0.030687029395654902,
		0.22939883016479831,
		1.0
	],
	"intrinsic" : 
	{
		"height" : 713,
		"intrinsic_matrix" : 
		[
			617.47611289830479,
			0.0,
			0.0,
			0.0,
			617.47611289830479,
			0.0,
			679.5,
			356.0,
			1.0
		],
		"width" : 1360
	},
	"version_major" : 1,
	"version_minor" : 0
}