{
	"class_name" : "PinholeCameraParameters",
	"extrinsic" : 
	[
		0.99046268956775085,
		0.018402786775658,
		-0.13654668803419176,
		0.0,
		0.13025833371462386,
		0.19792421655742182,
		0.97152394257579711,
		0.0,
		0.044904644215347081,
		-0.98004456120067351,
		0.19363943552095125,
		0.0,
		-0.17927865197506473,
		0.91027567238175777,
		4.9147110399678615,
		1.0
	],
	"intrinsic" : 
	{
		"height" : 713,
		"intrinsic_matrix" : 
		[
			617.47611289830479,
			0.0,
			0.0,
			0.0,
			617.47611289830479,
			0.0,
			679.5,
			356.0,
			1.0
		],
		"width" : 1360
	},
	"version_major" : 1,
	"version_minor" : 0
}