{
	"class_name" : "PinholeCameraParameters",
	"extrinsic" : 
	[
		0.84492534546237508,
		0.18707448969805923,
		-0.50110307911596086,
		0.0,
		0.53055742193020794,
		-0.41204075639541748,
		0.7407639550517181,
		0.0,
		-0.067896852872996974,
		-0.8917541984052012,
		-0.44739743740508775,
		0.0,
		1.4220734742905949,
		-1.4066826758015654,
		0.87326223397167668,
		1.0
	],
	"intrinsic" : 
	{
		"height" : 713,
		"intrinsic_matrix" : 
		[
			617.47611289830479,
			0.0,
			0.0,
			0.0,
			617.47611289830479,
			0.0,
			679.5,
			356.0,
			1.0
		],
		"width" : 1360
	},
	"version_major" : 1,
	"version_minor" : 0
}