{
	"class_name" : "PinholeCameraParameters",
	"extrinsic" : 
	[
		0.23050350118212229,
		0.25465692175268367,
		0.93915812733864523,
		0.0,
		-0.97212921675196329,
		0.017801296405869575,
		0.2337689025158925,
		0.0,
		0.042812636919463749,
		-0.96686760523337323,
		0.251662695031036,
		0.0,
		1.7051130479133068,
		4.4109534339688237,
		11.451876215563354,
		1.0
	],
	"intrinsic" : 
	{
		"height" : 713,
		"intrinsic_matrix" : 
		[
			764.51671716165765,
			0.0,
			0.0,
			0.0,
			764.51671716165765,
			0.0,
			682.5,
			356.0,
			1.0
		],
		"width" : 1366
	},
	"version_major" : 1,
	"version_minor" : 0
}