{
    "class_name": "PinholeCameraParameters",
    "extrinsic": [
        0.6676750376257745,
        -0.042602199539123975,
        0.74323286843751,
        0.0,
        -0.74323286843751,
        0.018986525702446577,
        0.6687633476170034,
        0.0,
        -0.042602199539123975,
        -0.9989116900087709,
        -0.018986525702446577,
        0.0,
        -0.20352186828148985,
        0.24344268418251616,
        1.6178289916154522,
        1.0
    ],
    "intrinsic": {
        "height": 1200,
        "intrinsic_matrix": [
            3136.0,
            0.0,
            0.0,
            0.0,
            3136.0,
            0.0,
            800.0,
            600.0,
            1.0
        ],
        "width": 1600
    },
    "version_major": 1,
    "version_minor": 0
}