{
    "class_name": "PinholeCameraParameters",
    "extrinsic": [
        0.5278669705479133,
        0.03938566848676334,
        0.8484133606458701,
        0.0,
        -0.8484133606458701,
        -0.021870573817140526,
        0.5288822623973032,
        0.0,
        0.03938566848676334,
        -0.9989847081506104,
        0.021870573817140526,
        0.0,
        -0.6907271755044474,
        -0.6964269241011228,
        11.383268772364405,
        1.0
    ],
    "intrinsic": {
        "height": 713,
        "intrinsic_matrix": [
            617.4761128983048,
            0.0,
            0.0,
            0.0,
            617.4761128983048,
            0.0,
            682.5,
            356.0,
            1.0
        ],
        "width": 1366
    },
    "version_major": 1,
    "version_minor": 0
}