{
    "class_name": "PinholeCameraParameters",
    "extrinsic": [
        -0.15161022263640744,
        -0.8255127489042812,
        0.543638705197336,
        0.0,
        0.9884389597852729,
        -0.1256947333888404,
        0.08478948506103856,
        0.0,
        -0.0016622787812828888,
        0.5502086289715978,
        0.8350255693297348,
        0.0,
        0.18129980249540675,
        0.4840848872649867,
        3.7233252530011796,
        1.0
    ],
    "intrinsic": {
        "height": 713,
        "intrinsic_matrix": [
            617.4761128983048,
            0.0,
            0.0,
            0.0,
            617.4761128983048,
            0.0,
            682.5,
            356.0,
            1.0
        ],
        "width": 1366
    },
    "version_major": 1,
    "version_minor": 0
}