{
    "class_name": "PinholeCameraParameters",
    "extrinsic": [
        -0.15196318032837447,
        0.6149843017345971,
        -0.7737580374021951,
        0.0,
        0.9882166506310515,
        0.10903468622194039,
        -0.10742108087349483,
        0.0,
        0.018304186407290868,
        -0.7809646252043005,
        -0.6243069845352316,
        0.0,
        -0.20352186828149055,
        0.24344268418251638,
        1.6178289916154531,
        1.0
    ],
    "intrinsic": {
        "height": 713,
        "intrinsic_matrix": [
            617.4761128983048,
            0.0,
            0.0,
            0.0,
            617.4761128983048,
            0.0,
            682.5,
            356.0,
            1.0
        ],
        "width": 1366
    },
    "version_major": 1,
    "version_minor": 0
}