{
	"class_name" : "PinholeCameraParameters",
	"extrinsic" : 
	[
		0.086865373002179086,
		-0.048661273008978927,
		-0.99503089775259645,
		0.0,
		0.99620711667304018,
		0.009334301647638819,
		0.086511568606393502,
		0.0,
		0.0050781554899528691,
		-0.99877172132669867,
		0.049287534072251497,
		0.0,
		-0.40466203873146861,
		0.10099981192452293,
		4.7269288512488448,
		1.0
	],
	"intrinsic" : 
	{
		"height" : 713,
		"intrinsic_matrix" : 
		[
			617.47611289830479,
			0.0,
			0.0,
			0.0,
			617.47611289830479,
			0.0,
			682.5,
			356.0,
			1.0
		],
		"width" : 1366
	},
	"version_major" : 1,
	"version_minor" : 0
}