{
	"class_name" : "PinholeCameraParameters",
	"extrinsic" : 
	[
		-0.70015425332136205,
		-0.15339961193094181,
		-0.69731813443753388,
		0.0,
		0.71383463710838468,
		-0.17087206218671269,
		-0.67914862086910044,
		0.0,
		-0.014971052746778429,
		-0.9732786329841504,
		0.22913875742911008,
		0.0,
		0.44531889062469715,
		0.65367813432084421,
		4.1575071159579151,
		1.0
	],
	"intrinsic" : 
	{
		"height" : 713,
		"intrinsic_matrix" : 
		[
			617.47611289830479,
			0.0,
			0.0,
			0.0,
			617.47611289830479,
			0.0,
			682.5,
			356.0,
			1.0
		],
		"width" : 1366
	},
	"version_major" : 1,
	"version_minor" : 0
}