{
    "class_name": "PinholeCameraParameters",
    "extrinsic": [
        -0.08703708006743335,
        0.02939314741962218,
        -0.9957713540658334,
        0.0,
        0.9957713540658334,
        0.03205919273091146,
        -0.08609075782764791,
        0.0,
        0.02939314741962218,
        -0.9990536777602144,
        -0.03205919273091143,
        0.0,
        -0.32350118908656555,
        0.17426689868457076,
        3.4205158504477655,
        1.0
    ],
    "intrinsic": {
        "height": 1200,
        "intrinsic_matrix": [
            3136.0,
            0.0,
            0.0,
            0.0,
            3136.0,
            0.0,
            800.0,
            600.0,
            1.0
        ],
        "width": 1600
    },
    "version_major": 1,
    "version_minor": 0
}