{
    "class_name": "PinholeCameraParameters",
    "extrinsic": [
        -0.08703708006743263,
        0.029393147419622012,
        -0.9957713540658337,
        0.0,
        0.9957713540658337,
        0.032059192730911235,
        -0.08609075782764714,
        0.0,
        0.029393147419622012,
        -0.9990536777602148,
        -0.03205919273091126,
        0.0,
        -0.32350118908656444,
        0.17426689868457096,
        3.420515850447765,
        1.0
    ],
    "intrinsic": {
        "height": 1200,
        "intrinsic_matrix": [
            3136.0,
            0.0,
            0.0,
            0.0,
            3136.0,
            0.0,
            800.0,
            600.0,
            1.0
        ],
        "width": 1600
    },
    "version_major": 1,
    "version_minor": 0
}