{
    "class_name": "PinholeCameraParameters",
    "extrinsic": [
        0.9970284585432853,
        -0.032983785137093644,
        0.0696155354273082,
        0.0,
        -0.07358990100062184,
        -0.14061528286059236,
        0.9873256143222227,
        0.0,
        -0.022776727717550647,
        -0.9895147356881886,
        -0.14262471220098893,
        0.0,
        1.0865960539350203,
        -0.5927814858040389,
        4.953067382214399,
        1.0
    ],
    "intrinsic": {
        "height": 713,
        "intrinsic_matrix": [
            860.6671349860084,
            0.0,
            0.0,
            0.0,
            860.6671349860084,
            0.0,
            682.0,
            355.5,
            1.0
        ],
        "width": 1366
    },
    "version_major": 1,
    "version_minor": 0
}