{
	"class_name" : "PinholeCameraParameters",
	"extrinsic" : 
	[
		0.99702845854328526,
		-0.032983785137093644,
		0.069615535427308195,
		0.0,
		-0.073589901000621835,
		-0.14061528286059236,
		0.98732561432222266,
		0.0,
		-0.022776727717550647,
		-0.9895147356881886,
		-0.14262471220098893,
		0.0,
		1.0865960539350203,
		-0.59278148580403889,
		4.9530673822143987,
		1.0
	],
	"intrinsic" : 
	{
		"height" : 713,
		"intrinsic_matrix" : 
		[
			860.66713498600836,
			0.0,
			0.0,
			0.0,
			860.66713498600836,
			0.0,
			682.5,
			356.0,
			1.0
		],
		"width" : 1366
	},
	"version_major" : 1,
	"version_minor" : 0
}