{
	"class_name" : "PinholeCameraParameters",
	"extrinsic" : 
	[
		-0.57393619864297218,
		-0.11643385516916627,
		0.81058028427645623,
		0.0,
		-0.8187872416902402,
		0.098019902959019883,
		-0.56566735054198836,
		0.0,
		-0.013590170438341126,
		-0.98834976399772057,
		-0.15159172560897546,
		0.0,
		-0.026522755243844287,
		-0.40395976325291788,
		4.4630822080703245,
		1.0
	],
	"intrinsic" : 
	{
		"height" : 713,
		"intrinsic_matrix" : 
		[
			617.47611289830479,
			0.0,
			0.0,
			0.0,
			617.47611289830479,
			0.0,
			682.5,
			356.0,
			1.0
		],
		"width" : 1366
	},
	"version_major" : 1,
	"version_minor" : 0
}