{
	"class_name" : "PinholeCameraParameters",
	"extrinsic" : 
	[
		0.99570633432081601,
		-0.08675248848478409,
		-0.032293986051601262,
		0.0,
		-0.011092606837438752,
		-0.45817325378982532,
		0.88879369011328746,
		0.0,
		-0.091901305034007119,
		-0.88461928265968848,
		-0.45716832226183896,
		0.0,
		1.5722035103539056,
		-1.7329216954216398,
		4.287543477986576,
		1.0
	],
	"intrinsic" : 
	{
		"height" : 713,
		"intrinsic_matrix" : 
		[
			509.13476440356385,
			0.0,
			0.0,
			0.0,
			509.13476440356385,
			0.0,
			682.5,
			356.0,
			1.0
		],
		"width" : 1366
	},
	"version_major" : 1,
	"version_minor" : 0
}