{
	"class_name" : "PinholeCameraParameters",
	"extrinsic" : 
	[
		0.66072633265320724,
		-0.27408438463383772,
		0.69879787023039364,
		0.0,
		-0.73615602265191604,
		-0.4185243892208928,
		0.53189439359763002,
		0.0,
		0.14668000426764152,
		-0.86586089282699974,
		-0.47829895527888788,
		0.0,
		-1.4380897599016096,
		-1.0588244802744751,
		3.2041961454853292,
		1.0
	],
	"intrinsic" : 
	{
		"height" : 713,
		"intrinsic_matrix" : 
		[
			356.50000000000006,
			0.0,
			0.0,
			0.0,
			356.50000000000006,
			0.0,
			682.5,
			356.0,
			1.0
		],
		"width" : 1366
	},
	"version_major" : 1,
	"version_minor" : 0
}