{
    "class_name": "PinholeCameraParameters",
    "extrinsic": [
        0.26669314192934823,
        -0.30277855265501563,
        0.9149862928481426,
        0.0,
        -0.9149862928481426,
        0.21870981714306237,
        0.33906651233240626,
        0.0,
        -0.30277855265501563,
        -0.9276266295969423,
        -0.2187098171430623,
        0.0,
        -0.26895749823201587,
        0.11708093061462635,
        3.0631030605546985,
        1.0
    ],
    "intrinsic": {
        "height": 1200,
        "intrinsic_matrix": [
            3136.0,
            0.0,
            0.0,
            0.0,
            3136.0,
            0.0,
            800.0,
            600.0,
            1.0
        ],
        "width": 1600
    },
    "version_major": 1,
    "version_minor": 0
}